PC adı;Grup;Görsel dosyası;CPU;GPU;RAM;Hz;Kulaklık;Fare;Klavye
PC-11 ZÜMRÜT;ZUMRUT-01;ZUMRUT_01_V1_0.jpg;Ryzen 7 7800X3D;RTX 3070 Ti;32 GB DDR5;360 Hz;HyperX Cloud 3;Zowie U2;ASUS TUF K3 Gen 2
PC-12 ZÜMRÜT;ZUMRUT-02;ZUMRUT_02_V1_0.jpg;Ryzen 7 7800X3D;RTX 3080 Ti;32 GB DDR5;360 Hz;HyperX Cloud 3;Zowie U2;ASUS TUF K3 Gen 2
PC-13 ZÜMRÜT;ZUMRUT-03;ZUMRUT_03_V1_0.jpg;Ryzen 7 7800X3D;RTX 3070 Ti;32 GB DDR5;360 Hz;HyperX Cloud Alpha S;Zowie U2;ASUS TUF K3 Gen 2
PC-14 ZÜMRÜT;ZUMRUT-01;ZUMRUT_01_V1_0.jpg;Ryzen 7 7800X3D;RTX 3070 Ti;32 GB DDR5;360 Hz;HyperX Cloud 3;Zowie U2;ASUS TUF K3 Gen 2
PC-15 ZÜMRÜT;ZUMRUT-03;ZUMRUT_03_V1_0.jpg;Ryzen 7 7800X3D;RTX 3070 Ti;32 GB DDR5;360 Hz;HyperX Cloud Alpha S;Zowie U2;ASUS TUF K3 Gen 2
PC-16 ZÜMRÜT;ZUMRUT-05;ZUMRUT_05_V1_0.jpg;Ryzen 5 7600X;RTX 3070 Ti;32 GB DDR5;360 Hz;HyperX Cloud Alpha S;Zowie U2;ASUS TUF K3 Gen 2
PC-17 ZÜMRÜT;ZUMRUT-05;ZUMRUT_05_V1_0.jpg;Ryzen 5 7600X;RTX 3070 Ti;32 GB DDR5;360 Hz;HyperX Cloud Alpha S;Zowie U2;ASUS TUF K3 Gen 2
PC-18 ZÜMRÜT;ZUMRUT-06;ZUMRUT_06_V1_0.jpg;Ryzen 5 7600X;RTX 3070 Ti;32 GB DDR5;280 Hz;HyperX Cloud Alpha S;Zowie U2;ASUS TUF K3 Gen 2
PC-29 ZÜMRÜT;ZUMRUT-03;ZUMRUT_03_V1_0.jpg;Ryzen 7 7800X3D;RTX 3070 Ti;32 GB DDR5;360 Hz;HyperX Cloud Alpha S;Zowie U2;ASUS TUF K3 Gen 2
PC-30 ZÜMRÜT;ZUMRUT-01;ZUMRUT_01_V1_0.jpg;Ryzen 7 7800X3D;RTX 3070 Ti;32 GB DDR5;360 Hz;HyperX Cloud 3;Zowie U2;ASUS TUF K3 Gen 2
PC-31 ZÜMRÜT;ZUMRUT-02;ZUMRUT_02_V1_0.jpg;Ryzen 7 7800X3D;RTX 3080 Ti;32 GB DDR5;360 Hz;HyperX Cloud 3;Zowie U2;ASUS TUF K3 Gen 2
PC-32 ZÜMRÜT;ZUMRUT-04;ZUMRUT_04_V1_0.jpg;Ryzen 7 7800X3D;RTX 3070 Ti;32 GB DDR5;360 Hz;Logitech G PRO X;Zowie U2;ASUS TUF K3 Gen 2
PC-33 ZÜMRÜT;ZUMRUT-01;ZUMRUT_01_V1_0.jpg;Ryzen 7 7800X3D;RTX 3070 Ti;32 GB DDR5;360 Hz;HyperX Cloud 3;Zowie U2;ASUS TUF K3 Gen 2
PC-34 ZÜMRÜT;ZUMRUT-07;ZUMRUT_07_V1_0.jpg;Ryzen 5 7600X;RTX 3070 Ti;32 GB DDR5;360 Hz;HyperX Cloud 3;Zowie U2;ASUS TUF K3 Gen 2
PC-35 ZÜMRÜT;ZUMRUT-07;ZUMRUT_07_V1_0.jpg;Ryzen 5 7600X;RTX 3070 Ti;32 GB DDR5;360 Hz;HyperX Cloud 3;Zowie U2;ASUS TUF K3 Gen 2
PC-36 ZÜMRÜT;ZUMRUT-08;ZUMRUT_08_V1_0.jpg;Ryzen 5 7600X;RTX 3070 Ti;32 GB DDR5;280 Hz;HyperX Cloud 3;Zowie U2;ASUS TUF K3 Gen 2
