Eski bilgisayar adı;Sınıf;Varyasyon;Görsel dosyası;Depo yolu;CPU;GPU;RAM;Hz;Kulaklık;Fare;Klavye
PC01-BUSINESS;ELMAS;ELMAS-01;ELMAS_01_V1_3.jpg;ELMAS/ELMAS_01_V1_3.jpg;Ryzen 7 7800X3D;RTX 5060 Ti;32 GB DDR5;540 Hz;HyperX Cloud Alpha S;Zowie U2;ASUS TUF K3 Gen 2
PC02-BUSINESS;ELMAS;ELMAS-01;ELMAS_01_V1_3.jpg;ELMAS/ELMAS_01_V1_3.jpg;Ryzen 7 7800X3D;RTX 5060 Ti;32 GB DDR5;540 Hz;HyperX Cloud Alpha S;Zowie U2;ASUS TUF K3 Gen 2
PC03-BUSINESS;ELMAS;ELMAS-01;ELMAS_01_V1_3.jpg;ELMAS/ELMAS_01_V1_3.jpg;Ryzen 7 7800X3D;RTX 5060 Ti;32 GB DDR5;540 Hz;HyperX Cloud Alpha S;Zowie U2;ASUS TUF K3 Gen 2
PC04-BUSINESS;ELMAS;ELMAS-01;ELMAS_01_V1_3.jpg;ELMAS/ELMAS_01_V1_3.jpg;Ryzen 7 7800X3D;RTX 5060 Ti;32 GB DDR5;540 Hz;HyperX Cloud Alpha S;Zowie U2;ASUS TUF K3 Gen 2
PC05-BUSINESS;ELMAS;ELMAS-01;ELMAS_01_V1_3.jpg;ELMAS/ELMAS_01_V1_3.jpg;Ryzen 7 7800X3D;RTX 5060 Ti;32 GB DDR5;540 Hz;HyperX Cloud Alpha S;Zowie U2;ASUS TUF K3 Gen 2
PC06-BUSINESS;ELMAS;ELMAS-02;ELMAS_02_V1_3.jpg;ELMAS/ELMAS_02_V1_3.jpg;Ryzen 7 7800X3D;RTX 5060 Ti;32 GB DDR5;540 Hz;HyperX Cloud 3;Zowie U2;ASUS TUF K3 Gen 2
PC07-BUSINESS;ELMAS;ELMAS-02;ELMAS_02_V1_3.jpg;ELMAS/ELMAS_02_V1_3.jpg;Ryzen 7 7800X3D;RTX 5060 Ti;32 GB DDR5;540 Hz;HyperX Cloud 3;Zowie U2;ASUS TUF K3 Gen 2
PC08-BUSINESS;ELMAS;ELMAS-02;ELMAS_02_V1_3.jpg;ELMAS/ELMAS_02_V1_3.jpg;Ryzen 7 7800X3D;RTX 5060 Ti;32 GB DDR5;540 Hz;HyperX Cloud 3;Zowie U2;ASUS TUF K3 Gen 2
PC09-BUSINESS;ELMAS;ELMAS-02;ELMAS_02_V1_3.jpg;ELMAS/ELMAS_02_V1_3.jpg;Ryzen 7 7800X3D;RTX 5060 Ti;32 GB DDR5;540 Hz;HyperX Cloud 3;Zowie U2;ASUS TUF K3 Gen 2
PC10-BUSINESS;ELMAS;ELMAS-03;ELMAS_03_V1_3.jpg;ELMAS/ELMAS_03_V1_3.jpg;Ryzen 7 7800X3D;RTX 3070 Ti;32 GB DDR5;540 Hz;HyperX Cloud 3;Zowie U2;ASUS TUF K3 Gen 2
PC11-BUSINESS;ZÜMRÜT;ZUMRUT-01;ZUMRUT_01_V1_1.jpg;ZUMRUT/ZUMRUT_01_V1_1.jpg;Ryzen 7 7800X3D;RTX 3070 Ti;32 GB DDR5;360 Hz;HyperX Cloud 3;Zowie U2;ASUS TUF K3 Gen 2
PC12-ELITE;ZÜMRÜT;ZUMRUT-02;ZUMRUT_02_V1_1.jpg;ZUMRUT/ZUMRUT_02_V1_1.jpg;Ryzen 7 7800X3D;RTX 3080 Ti;32 GB DDR5;360 Hz;HyperX Cloud 3;Zowie U2;ASUS TUF K3 Gen 2
PC13-ELITE;ZÜMRÜT;ZUMRUT-03;ZUMRUT_03_V1_1.jpg;ZUMRUT/ZUMRUT_03_V1_1.jpg;Ryzen 7 7800X3D;RTX 3070 Ti;32 GB DDR5;360 Hz;HyperX Cloud Alpha S;Zowie U2;ASUS TUF K3 Gen 2
PC14-ELITE;ZÜMRÜT;ZUMRUT-01;ZUMRUT_01_V1_1.jpg;ZUMRUT/ZUMRUT_01_V1_1.jpg;Ryzen 7 7800X3D;RTX 3070 Ti;32 GB DDR5;360 Hz;HyperX Cloud 3;Zowie U2;ASUS TUF K3 Gen 2
PC15-ELITE;ZÜMRÜT;ZUMRUT-03;ZUMRUT_03_V1_1.jpg;ZUMRUT/ZUMRUT_03_V1_1.jpg;Ryzen 7 7800X3D;RTX 3070 Ti;32 GB DDR5;360 Hz;HyperX Cloud Alpha S;Zowie U2;ASUS TUF K3 Gen 2
PC16-ELITE;ZÜMRÜT;ZUMRUT-05;ZUMRUT_05_V1_1.jpg;ZUMRUT/ZUMRUT_05_V1_1.jpg;Ryzen 5 7600X;RTX 3070 Ti;32 GB DDR5;360 Hz;HyperX Cloud Alpha S;Zowie U2;ASUS TUF K3 Gen 2
PC17-ELITE;ZÜMRÜT;ZUMRUT-05;ZUMRUT_05_V1_1.jpg;ZUMRUT/ZUMRUT_05_V1_1.jpg;Ryzen 5 7600X;RTX 3070 Ti;32 GB DDR5;360 Hz;HyperX Cloud Alpha S;Zowie U2;ASUS TUF K3 Gen 2
PC18-ELITE;ZÜMRÜT;ZUMRUT-06;ZUMRUT_06_V1_1.jpg;ZUMRUT/ZUMRUT_06_V1_1.jpg;Ryzen 5 7600X;RTX 3070 Ti;32 GB DDR5;280 Hz;HyperX Cloud Alpha S;Zowie U2;ASUS TUF K3 Gen 2
PC19-BUSINESS;ELMAS;ELMAS-01;ELMAS_01_V1_3.jpg;ELMAS/ELMAS_01_V1_3.jpg;Ryzen 7 7800X3D;RTX 5060 Ti;32 GB DDR5;540 Hz;HyperX Cloud Alpha S;Zowie U2;ASUS TUF K3 Gen 2
PC20-BUSINESS;ELMAS;ELMAS-01;ELMAS_01_V1_3.jpg;ELMAS/ELMAS_01_V1_3.jpg;Ryzen 7 7800X3D;RTX 5060 Ti;32 GB DDR5;540 Hz;HyperX Cloud Alpha S;Zowie U2;ASUS TUF K3 Gen 2
PC21-BUSINESS;ELMAS;ELMAS-01;ELMAS_01_V1_3.jpg;ELMAS/ELMAS_01_V1_3.jpg;Ryzen 7 7800X3D;RTX 5060 Ti;32 GB DDR5;540 Hz;HyperX Cloud Alpha S;Zowie U2;ASUS TUF K3 Gen 2
PC22-BUSINESS;ELMAS;ELMAS-01;ELMAS_01_V1_3.jpg;ELMAS/ELMAS_01_V1_3.jpg;Ryzen 7 7800X3D;RTX 5060 Ti;32 GB DDR5;540 Hz;HyperX Cloud Alpha S;Zowie U2;ASUS TUF K3 Gen 2
PC23-BUSINESS;ELMAS;ELMAS-01;ELMAS_01_V1_3.jpg;ELMAS/ELMAS_01_V1_3.jpg;Ryzen 7 7800X3D;RTX 5060 Ti;32 GB DDR5;540 Hz;HyperX Cloud Alpha S;Zowie U2;ASUS TUF K3 Gen 2
PC24-BUSINESS;ELMAS;ELMAS-01;ELMAS_01_V1_3.jpg;ELMAS/ELMAS_01_V1_3.jpg;Ryzen 7 7800X3D;RTX 5060 Ti;32 GB DDR5;540 Hz;HyperX Cloud Alpha S;Zowie U2;ASUS TUF K3 Gen 2
PC25-BUSINESS;ELMAS;ELMAS-01;ELMAS_01_V1_3.jpg;ELMAS/ELMAS_01_V1_3.jpg;Ryzen 7 7800X3D;RTX 5060 Ti;32 GB DDR5;540 Hz;HyperX Cloud Alpha S;Zowie U2;ASUS TUF K3 Gen 2
PC26-BUSINESS;ELMAS;ELMAS-01;ELMAS_01_V1_3.jpg;ELMAS/ELMAS_01_V1_3.jpg;Ryzen 7 7800X3D;RTX 5060 Ti;32 GB DDR5;540 Hz;HyperX Cloud Alpha S;Zowie U2;ASUS TUF K3 Gen 2
PC27-BUSINESS;ELMAS;ELMAS-04;ELMAS_04_V1_3.jpg;ELMAS/ELMAS_04_V1_3.jpg;Ryzen 7 7800X3D;RTX 3070 Ti;32 GB DDR5;540 Hz;HyperX Cloud Alpha S;Zowie U2;ASUS TUF K3 Gen 2
PC28-BUSINESS;ELMAS;ELMAS-04;ELMAS_04_V1_3.jpg;ELMAS/ELMAS_04_V1_3.jpg;Ryzen 7 7800X3D;RTX 3070 Ti;32 GB DDR5;540 Hz;HyperX Cloud Alpha S;Zowie U2;ASUS TUF K3 Gen 2
PC29-ELITE;ZÜMRÜT;ZUMRUT-03;ZUMRUT_03_V1_1.jpg;ZUMRUT/ZUMRUT_03_V1_1.jpg;Ryzen 7 7800X3D;RTX 3070 Ti;32 GB DDR5;360 Hz;HyperX Cloud Alpha S;Zowie U2;ASUS TUF K3 Gen 2
PC30-ELITE;ZÜMRÜT;ZUMRUT-01;ZUMRUT_01_V1_1.jpg;ZUMRUT/ZUMRUT_01_V1_1.jpg;Ryzen 7 7800X3D;RTX 3070 Ti;32 GB DDR5;360 Hz;HyperX Cloud 3;Zowie U2;ASUS TUF K3 Gen 2
PC31-ELITE;ZÜMRÜT;ZUMRUT-02;ZUMRUT_02_V1_1.jpg;ZUMRUT/ZUMRUT_02_V1_1.jpg;Ryzen 7 7800X3D;RTX 3080 Ti;32 GB DDR5;360 Hz;HyperX Cloud 3;Zowie U2;ASUS TUF K3 Gen 2
PC32-ELITE;ZÜMRÜT;ZUMRUT-04;ZUMRUT_04_V1_1.jpg;ZUMRUT/ZUMRUT_04_V1_1.jpg;Ryzen 7 7800X3D;RTX 3070 Ti;32 GB DDR5;360 Hz;Logitech G PRO X;Zowie U2;ASUS TUF K3 Gen 2
PC33-ELITE;ZÜMRÜT;ZUMRUT-01;ZUMRUT_01_V1_1.jpg;ZUMRUT/ZUMRUT_01_V1_1.jpg;Ryzen 7 7800X3D;RTX 3070 Ti;32 GB DDR5;360 Hz;HyperX Cloud 3;Zowie U2;ASUS TUF K3 Gen 2
PC34-ELITE;ZÜMRÜT;ZUMRUT-07;ZUMRUT_07_V1_1.jpg;ZUMRUT/ZUMRUT_07_V1_1.jpg;Ryzen 5 7600X;RTX 3070 Ti;32 GB DDR5;360 Hz;HyperX Cloud 3;Zowie U2;ASUS TUF K3 Gen 2
PC35-ELITE;ZÜMRÜT;ZUMRUT-07;ZUMRUT_07_V1_1.jpg;ZUMRUT/ZUMRUT_07_V1_1.jpg;Ryzen 5 7600X;RTX 3070 Ti;32 GB DDR5;360 Hz;HyperX Cloud 3;Zowie U2;ASUS TUF K3 Gen 2
PC36-ELITE;ZÜMRÜT;ZUMRUT-08;ZUMRUT_08_V1_1.jpg;ZUMRUT/ZUMRUT_08_V1_1.jpg;Ryzen 5 7600X;RTX 3070 Ti;32 GB DDR5;280 Hz;HyperX Cloud 3;Zowie U2;ASUS TUF K3 Gen 2
PC37-ELITE;PLATİN;PLATIN-05;PLATIN_05_V1_1.jpg;PLATIN/PLATIN_05_V1_1.jpg;Ryzen 5 7600X;RTX 3070 Ti;16 GB DDR5;360 Hz;Logitech G PRO X;SteelSeries Rival 3;ASUS TUF K3
PC38-ELITE;PLATİN;PLATIN-05;PLATIN_05_V1_1.jpg;PLATIN/PLATIN_05_V1_1.jpg;Ryzen 5 7600X;RTX 3070 Ti;16 GB DDR5;360 Hz;Logitech G PRO X;SteelSeries Rival 3;ASUS TUF K3
PC39-ELITE;PLATİN;PLATIN-05;PLATIN_05_V1_1.jpg;PLATIN/PLATIN_05_V1_1.jpg;Ryzen 5 7600X;RTX 3070 Ti;16 GB DDR5;360 Hz;Logitech G PRO X;SteelSeries Rival 3;ASUS TUF K3
PC40-ELITE;PLATİN;PLATIN-05;PLATIN_05_V1_1.jpg;PLATIN/PLATIN_05_V1_1.jpg;Ryzen 5 7600X;RTX 3070 Ti;16 GB DDR5;360 Hz;Logitech G PRO X;SteelSeries Rival 3;ASUS TUF K3
PC41-ELITE;PLATİN;PLATIN-05;PLATIN_05_V1_1.jpg;PLATIN/PLATIN_05_V1_1.jpg;Ryzen 5 7600X;RTX 3070 Ti;16 GB DDR5;360 Hz;Logitech G PRO X;SteelSeries Rival 3;ASUS TUF K3
PC42-ELITE;PLATİN;PLATIN-06;PLATIN_06_V1_1.jpg;PLATIN/PLATIN_06_V1_1.jpg;Ryzen 5 7600X;RTX 3070 Ti;16 GB DDR5;280 Hz;Logitech G PRO X;SteelSeries Rival 3;ASUS TUF K3
PC43-ELITE;PLATİN;PLATIN-06;PLATIN_06_V1_1.jpg;PLATIN/PLATIN_06_V1_1.jpg;Ryzen 5 7600X;RTX 3070 Ti;16 GB DDR5;280 Hz;Logitech G PRO X;SteelSeries Rival 3;ASUS TUF K3
PC44-ELITE;PLATİN;PLATIN-06;PLATIN_06_V1_1.jpg;PLATIN/PLATIN_06_V1_1.jpg;Ryzen 5 7600X;RTX 3070 Ti;16 GB DDR5;280 Hz;Logitech G PRO X;SteelSeries Rival 3;ASUS TUF K3
PC45-ELITE;PLATİN;PLATIN-06;PLATIN_06_V1_1.jpg;PLATIN/PLATIN_06_V1_1.jpg;Ryzen 5 7600X;RTX 3070 Ti;16 GB DDR5;280 Hz;Logitech G PRO X;SteelSeries Rival 3;ASUS TUF K3
PC46-ELITE;PLATİN;PLATIN-06;PLATIN_06_V1_1.jpg;PLATIN/PLATIN_06_V1_1.jpg;Ryzen 5 7600X;RTX 3070 Ti;16 GB DDR5;280 Hz;Logitech G PRO X;SteelSeries Rival 3;ASUS TUF K3
PC47-VIP;GOLD;GOLD-01;GOLD_01_V1_1.jpg;GOLD/GOLD_01_V1_1.jpg;Ryzen 5 5600X;RTX 3080;32 GB DDR4;280 Hz;Logitech G PRO X;SteelSeries Rival 3;Hunter Enigma Rainbow
PC48-VIP;GOLD;GOLD-01;GOLD_01_V1_1.jpg;GOLD/GOLD_01_V1_1.jpg;Ryzen 5 5600X;RTX 3080;32 GB DDR4;280 Hz;Logitech G PRO X;SteelSeries Rival 3;Hunter Enigma Rainbow
PC49-VIP;GOLD;GOLD-01;GOLD_01_V1_1.jpg;GOLD/GOLD_01_V1_1.jpg;Ryzen 5 5600X;RTX 3080;32 GB DDR4;280 Hz;Logitech G PRO X;SteelSeries Rival 3;Hunter Enigma Rainbow
PC50-VIP;GOLD;GOLD-02;GOLD_02_V1_1.jpg;GOLD/GOLD_02_V1_1.jpg;Ryzen 5 5600X;RTX 3080;32 GB DDR4;280 Hz;Razer Kraken X Lite;Razer DeathAdder V3;Hunter Enigma Rainbow
PC51-VIP;GOLD;GOLD-02;GOLD_02_V1_1.jpg;GOLD/GOLD_02_V1_1.jpg;Ryzen 5 5600X;RTX 3080;32 GB DDR4;280 Hz;Razer Kraken X Lite;Razer DeathAdder V3;Hunter Enigma Rainbow
PC52-VIP;GOLD;GOLD-02;GOLD_02_V1_1.jpg;GOLD/GOLD_02_V1_1.jpg;Ryzen 5 5600X;RTX 3080;32 GB DDR4;280 Hz;Razer Kraken X Lite;Razer DeathAdder V3;Hunter Enigma Rainbow
PC53-VIP;GOLD;GOLD-03;GOLD_03_V1_1.jpg;GOLD/GOLD_03_V1_1.jpg;Ryzen 5 5600X;RTX 3060 Ti;16 GB DDR4;280 Hz;Razer Kraken X Lite;Razer DeathAdder V3;Hunter Enigma Rainbow
PC54-VIP;GOLD;GOLD-04;GOLD_04_V1_1.jpg;GOLD/GOLD_04_V1_1.jpg;Ryzen 5 5600X;RTX 2060 SUPER;16 GB DDR4;280 Hz;Razer Kraken X Lite;Razer DeathAdder V3;Hunter Enigma Rainbow
PC55-VIP;GOLD;GOLD-04;GOLD_04_V1_1.jpg;GOLD/GOLD_04_V1_1.jpg;Ryzen 5 5600X;RTX 2060 SUPER;16 GB DDR4;280 Hz;Razer Kraken X Lite;Razer DeathAdder V3;Hunter Enigma Rainbow
PC56-VIP;GOLD;GOLD-03;GOLD_03_V1_1.jpg;GOLD/GOLD_03_V1_1.jpg;Ryzen 5 5600X;RTX 3060 Ti;16 GB DDR4;280 Hz;Razer Kraken X Lite;Razer DeathAdder V3;Hunter Enigma Rainbow
PC57-VIP;GOLD;GOLD-04;GOLD_04_V1_1.jpg;GOLD/GOLD_04_V1_1.jpg;Ryzen 5 5600X;RTX 2060 SUPER;16 GB DDR4;280 Hz;Razer Kraken X Lite;Razer DeathAdder V3;Hunter Enigma Rainbow
PC58-VIP;GOLD;GOLD-03;GOLD_03_V1_1.jpg;GOLD/GOLD_03_V1_1.jpg;Ryzen 5 5600X;RTX 3060 Ti;16 GB DDR4;280 Hz;Razer Kraken X Lite;Razer DeathAdder V3;Hunter Enigma Rainbow
PC59-VIP;GOLD;GOLD-03;GOLD_03_V1_1.jpg;GOLD/GOLD_03_V1_1.jpg;Ryzen 5 5600X;RTX 3060 Ti;16 GB DDR4;280 Hz;Razer Kraken X Lite;Razer DeathAdder V3;Hunter Enigma Rainbow
PC60-ELITE;PLATİN;PLATIN-05;PLATIN_05_V1_1.jpg;PLATIN/PLATIN_05_V1_1.jpg;Ryzen 5 7600X;RTX 3070 Ti;16 GB DDR5;360 Hz;Logitech G PRO X;SteelSeries Rival 3;ASUS TUF K3
PC61-ELITE;PLATİN;PLATIN-05;PLATIN_05_V1_1.jpg;PLATIN/PLATIN_05_V1_1.jpg;Ryzen 5 7600X;RTX 3070 Ti;16 GB DDR5;360 Hz;Logitech G PRO X;SteelSeries Rival 3;ASUS TUF K3
PC62-ELITE;PLATİN;PLATIN-07;PLATIN_07_V1_1.jpg;PLATIN/PLATIN_07_V1_1.jpg;Ryzen 5 7600X;RTX 3070 Ti;32 GB DDR5;360 Hz;Logitech G PRO X;SteelSeries Rival 3;ASUS TUF K3
PC63-ELITE;PLATİN;PLATIN-05;PLATIN_05_V1_1.jpg;PLATIN/PLATIN_05_V1_1.jpg;Ryzen 5 7600X;RTX 3070 Ti;16 GB DDR5;360 Hz;Logitech G PRO X;SteelSeries Rival 3;ASUS TUF K3
PC64-ELITE;PLATİN;PLATIN-05;PLATIN_05_V1_1.jpg;PLATIN/PLATIN_05_V1_1.jpg;Ryzen 5 7600X;RTX 3070 Ti;16 GB DDR5;360 Hz;Logitech G PRO X;SteelSeries Rival 3;ASUS TUF K3
PC65-ELITE;PLATİN;PLATIN-05;PLATIN_05_V1_1.jpg;PLATIN/PLATIN_05_V1_1.jpg;Ryzen 5 7600X;RTX 3070 Ti;16 GB DDR5;360 Hz;Logitech G PRO X;SteelSeries Rival 3;ASUS TUF K3
PC66-ELITE;PLATİN;PLATIN-06;PLATIN_06_V1_1.jpg;PLATIN/PLATIN_06_V1_1.jpg;Ryzen 5 7600X;RTX 3070 Ti;16 GB DDR5;280 Hz;Logitech G PRO X;SteelSeries Rival 3;ASUS TUF K3
PC67-ELITE;PLATİN;PLATIN-06;PLATIN_06_V1_1.jpg;PLATIN/PLATIN_06_V1_1.jpg;Ryzen 5 7600X;RTX 3070 Ti;16 GB DDR5;280 Hz;Logitech G PRO X;SteelSeries Rival 3;ASUS TUF K3
PC68-ELITE;PLATİN;PLATIN-06;PLATIN_06_V1_1.jpg;PLATIN/PLATIN_06_V1_1.jpg;Ryzen 5 7600X;RTX 3070 Ti;16 GB DDR5;280 Hz;Logitech G PRO X;SteelSeries Rival 3;ASUS TUF K3
PC69-ELITE;PLATİN;PLATIN-08;PLATIN_08_V1_1.jpg;PLATIN/PLATIN_08_V1_1.jpg;Ryzen 5 7600X;RTX 3070 Ti;32 GB DDR5;280 Hz;Logitech G PRO X;SteelSeries Rival 3;ASUS TUF K3
PC73-VIP;GOLD;GOLD-02;GOLD_02_V1_1.jpg;GOLD/GOLD_02_V1_1.jpg;Ryzen 5 5600X;RTX 3080;32 GB DDR4;280 Hz;Razer Kraken X Lite;Razer DeathAdder V3;Hunter Enigma Rainbow
PC74-VIP;GOLD;GOLD-02;GOLD_02_V1_1.jpg;GOLD/GOLD_02_V1_1.jpg;Ryzen 5 5600X;RTX 3080;32 GB DDR4;280 Hz;Razer Kraken X Lite;Razer DeathAdder V3;Hunter Enigma Rainbow
PC75-VIP;GOLD;GOLD-02;GOLD_02_V1_1.jpg;GOLD/GOLD_02_V1_1.jpg;Ryzen 5 5600X;RTX 3080;32 GB DDR4;280 Hz;Razer Kraken X Lite;Razer DeathAdder V3;Hunter Enigma Rainbow
PC76-VIP;GOLD;GOLD-03;GOLD_03_V1_1.jpg;GOLD/GOLD_03_V1_1.jpg;Ryzen 5 5600X;RTX 3060 Ti;16 GB DDR4;280 Hz;Razer Kraken X Lite;Razer DeathAdder V3;Hunter Enigma Rainbow
PC77-VIP;GOLD;GOLD-03;GOLD_03_V1_1.jpg;GOLD/GOLD_03_V1_1.jpg;Ryzen 5 5600X;RTX 3060 Ti;16 GB DDR4;280 Hz;Razer Kraken X Lite;Razer DeathAdder V3;Hunter Enigma Rainbow
PC78-VIP;GOLD;GOLD-03;GOLD_03_V1_1.jpg;GOLD/GOLD_03_V1_1.jpg;Ryzen 5 5600X;RTX 3060 Ti;16 GB DDR4;280 Hz;Razer Kraken X Lite;Razer DeathAdder V3;Hunter Enigma Rainbow
PC79-VIP;GOLD;GOLD-03;GOLD_03_V1_1.jpg;GOLD/GOLD_03_V1_1.jpg;Ryzen 5 5600X;RTX 3060 Ti;16 GB DDR4;280 Hz;Razer Kraken X Lite;Razer DeathAdder V3;Hunter Enigma Rainbow
PC80-VIP;GOLD;GOLD-03;GOLD_03_V1_1.jpg;GOLD/GOLD_03_V1_1.jpg;Ryzen 5 5600X;RTX 3060 Ti;16 GB DDR4;280 Hz;Razer Kraken X Lite;Razer DeathAdder V3;Hunter Enigma Rainbow
PC81-VIP;GOLD;GOLD-04;GOLD_04_V1_1.jpg;GOLD/GOLD_04_V1_1.jpg;Ryzen 5 5600X;RTX 2060 SUPER;16 GB DDR4;280 Hz;Razer Kraken X Lite;Razer DeathAdder V3;Hunter Enigma Rainbow
PC82-VIP;GOLD;GOLD-05;GOLD_05_V1_1.jpg;GOLD/GOLD_05_V1_1.jpg;Intel Core i5-9400F;RTX 2060;16 GB DDR4;280 Hz;Razer Kraken X Lite;Razer DeathAdder V3;Hunter Enigma Rainbow
